Workbook

Sheet Assumptions
A1: Farm model assumptions. Study. AQS-DUTY-043.
A2: name | B2: value | C2: unit
A3: crew | B3: 4 | C3: people
A4: kcal_per_person | B4: 2000 | C4: kcal/d
A5: staple_fraction | B5: 0.6 | C5: of calories
A6: potato_kcal_per_kg | B6: 770 | C6: kcal/kg fresh
A7: wheat_kcal_per_kg | B7: 3400 | C7: kcal/kg dry
A8: potato_yield | B8: 0.09 | C8: kg/m2/d fresh
A9: wheat_yield | B9: 0.019 | C9: kg/m2/d dry, one layer
A10: wheat_layers | B10: 2 | C10: layers
A11: veg_yield | B11: 0.08 | C11: kg/m2/d fresh
A12: duckweed_yield | B12: 0.035 | C12: kg/m2/d fresh
A13: fish_n_retain | B13: 0.3 | C13: fraction
A14: fish_other_retain | B14: 0.2 | C14: fraction
A15: fish_k_retain | B15: 0.15 | C15: fraction
A18: staple_kcal | B18: =B3*B4*B5 -> 4800
A19: potato_kg_d | B19: =B18/B6 -> 6.2337662
A20: potato_m2 | B20: =B19/B8 -> 69.264069
A21: wheat_kg_d | B21: =B18/B7 -> 1.4117647
A22: wheat_floor_m2 | B22: =B21/B9/B10 -> 37.151703

Sheet Crops
A1: crop | B1: system | C1: area_m2 | D1: yield_kg_m2_d | E1: harvest_kg_d | F1: N_frac | G1: P_frac | H1: K_frac | I1: N_g_d | J1: P_g_d | K1: K_g_d
A2: potato | B2: media | C2: =Assumptions!B20 -> 69.264069 | D2: =Assumptions!B8 -> 0.09 | E2: =C2*D2 -> 6.2337662 | F2: 0.0016 | G2: 0.0004 | H2: 0.004 | I2: =E2*F2*1000 -> 9.974026 | J2: =E2*G2*1000 -> 2.4935065 | K2: =E2*H2*1000 -> 24.935065
A3: sweet potato | B3: media | C3: 20 | D3: 0.07 | E3: =C3*D3 -> 1.4 | F3: 0.0014 | G3: 0.0004 | H3: 0.003 | I3: =E3*F3*1000 -> 1.96 | J3: =E3*G3*1000 -> 0.56 | K3: =E3*H3*1000 -> 4.2
A4: wheat | B4: stacked media | C4: =Assumptions!B22 -> 37.151703 | D4: =Assumptions!B9 -> 0.019 | E4: =C4*D4 -> 0.70588235 | F4: 0.02 | G4: 0.004 | H4: 0.005 | I4: =E4*F4*1000 -> 14.117647 | J4: =E4*G4*1000 -> 2.8235294 | K4: =E4*H4*1000 -> 3.5294118
A5: lettuce | B5: film | C5: 4 | D5: 0.08 | E5: =C5*D5 -> 0.32 | F5: 0.002 | G5: 0.0003 | H5: 0.003 | I5: =E5*F5*1000 -> 0.64 | J5: =E5*G5*1000 -> 0.096 | K5: =E5*H5*1000 -> 0.96
A6: spinach | B6: film | C6: 2 | D6: 0.08 | E6: =C6*D6 -> 0.16 | F6: 0.0035 | G6: 0.0005 | H6: 0.005 | I6: =E6*F6*1000 -> 0.56 | J6: =E6*G6*1000 -> 0.08 | K6: =E6*H6*1000 -> 0.8
A7: basil | B7: film | C7: 1 | D7: 0.05 | E7: =C7*D7 -> 0.05 | F7: 0.003 | G7: 0.0004 | H7: 0.003 | I7: =E7*F7*1000 -> 0.15 | J7: =E7*G7*1000 -> 0.02 | K7: =E7*H7*1000 -> 0.15
A8: strawberry | B8: mister | C8: 4 | D8: 0.04 | E8: =C8*D8 -> 0.16 | F8: 0.001 | G8: 0.0003 | H8: 0.002 | I8: =E8*F8*1000 -> 0.16 | J8: =E8*G8*1000 -> 0.048 | K8: =E8*H8*1000 -> 0.32
A9: tomato | B9: dual root | C9: 6 | D9: 0.1 | E9: =C9*D9 -> 0.6 | F9: 0.0015 | G9: 0.0003 | H9: 0.0025 | I9: =E9*F9*1000 -> 0.9 | J9: =E9*G9*1000 -> 0.18 | K9: =E9*H9*1000 -> 1.5
A10: cucumber | B10: dual root | C10: 4 | D10: 0.1 | E10: =C10*D10 -> 0.4 | F10: 0.0012 | G10: 0.0003 | H10: 0.002 | I10: =E10*F10*1000 -> 0.48 | J10: =E10*G10*1000 -> 0.12 | K10: =E10*H10*1000 -> 0.8
A11: pepper | B11: dual root | C11: 3 | D11: 0.06 | E11: =C11*D11 -> 0.18 | F11: 0.002 | G11: 0.0003 | H11: 0.0022 | I11: =E11*F11*1000 -> 0.36 | J11: =E11*G11*1000 -> 0.054 | K11: =E11*H11*1000 -> 0.396
A12: kale | B12: media | C12: 2 | D12: 0.05 | E12: =C12*D12 -> 0.1 | F12: 0.003 | G12: 0.0004 | H12: 0.0035 | I12: =E12*F12*1000 -> 0.3 | J12: =E12*G12*1000 -> 0.04 | K12: =E12*H12*1000 -> 0.35
A13: duckweed | B13: raceway | C13: 26 | D13: 0.035 | E13: =C13*D13 -> 0.91 | F13: 0.004 | G13: 0.0008 | H13: 0.004 | I13: =E13*F13*1000 -> 3.64 | J13: =E13*G13*1000 -> 0.728 | K13: =E13*H13*1000 -> 3.64
A14: total | C14: =SUM(C2:C13) -> 178.41577 | E14: =SUM(E2:E13) -> 11.219649 | I14: =SUM(I2:I13) -> 33.241673 | J14: =SUM(J2:J13) -> 7.2430359 | K14: =SUM(K2:K13) -> 41.580477

Sheet Stages
A1: stage | B1: N_g_d | C1: P_g_d | D1: K_g_d | E1: note
A2: fish feed | B2: 10.7 | C2: 1.8 | D2: 2.6 | E2: larvae, duckweed, azolla
A3: retained in fish | B3: =B2*Assumptions!B13 -> 3.21 | C3: =C2*Assumptions!B14 -> 0.36 | D3: =D2*Assumptions!B15 -> 0.39
A4: excreted to filter | B4: =B2-B3 -> 7.49 | C4: =C2-C3 -> 1.44 | D4: =D2-D3 -> 2.21
A5: crop uptake | B5: =Crops!I14 -> 33.241673 | C5: =Crops!J14 -> 7.2430359 | D5: =Crops!K14 -> 41.580477
A6: gap | B6: =B4-B5 -> -25.751673 | C6: =C4-C5 -> -5.8030359 | D6: =D4-D5 -> -39.370477 | E6: negative is a makeup
A7: urine makeup | B7: 9 | C7: 0.8 | D7: 2.5 | E7: does not return to the tank
